class	phylum	superkingdom	E1.filtered.qc-renamed	E2.filtered.qc-renamed	E3.filtered.qc-renamed	E4.filtered.qc-renamed	E5.filtered.qc-renamed	E6.filtered.qc-renamed	E7.filtered.qc-renamed	N1.filtered.qc-renamed	N2.filtered.qc-renamed	O1.filtered.qc-renamed	O2.filtered.qc-renamed	S1.filtered.qc-renamed
0-14-0-80-59-12	Bacteroidota_A	Bacteria								0.0083333333333333				
2-12-FULL-62-27	Lindowbacteria	Bacteria										0.004		
32-111	WOR-3	Bacteria		0.0055702105166283	0.0967253562803044	0.0034071550275594	0.0454545454545454	0.0127589385745555			0.058823529411764705	0.024	0.0078740157480314	
4484-113	4484-113	Bacteria		0.0028390298344205	0.0187165775401069							0.0040000001258077	0.0511811023622046	0.0188679245283018
4484-211	Patescibacteriota	Bacteria		0.0028390298344205	0.0160427807486631	0.0034071550255536					0.0196078431372549	0.0040000001258077	0.0354330708661417	
4572-55	4572-55	Bacteria											0.0039370078740157	
9FT-COMBO-42-15	Nitrospirota	Bacteria		0.024638681586456	0.0216839336750243			0.0087443803801607			0.058823529411764705	0.012206446609779101	0.039370078740157397	0.0094339622641509
AABM5-125-24	Electryoneota	Bacteria	0.0066739690212975			0.0017035775127768		0.0063965884861407					0.003937184388067	0.0201093946616221
AB16	Marinisomatota	Bacteria	0.0132529163897185	0.024638681586456	0.024357730466468098	0.0017035775127768		0.0151409688663014		0.0416666666666352	0.058823529411764705	0.012206446609779101	0.0551182867502716	0.0389773191899239
AC-67	Actinomycetota	Bacteria	0.0132529163897185			0.0017035775127768		0.0063965884861407		0.0416666666666352	0.0196078431372549		0.003937184388067	0.0201093946616221
AC1	Edwardsbacteria	Bacteria		0.0217996517520355	0.0056411529263612			0.0087443803801607			0.0784313725490196	0.0082064464839714	0.0078740157480314	0.0094339622641509
ARS69	ARS69	Bacteria		0.0027855153203342								0.0039999999999988		
AUK180	AUK180	Bacteria	0.0066739690212975			0.0017035775127768		0.0063965884861407					0.003937184388067	0.0201093946616221
Abditibacteriia	Armatimonadota	Bacteria	0.0066739690212975	0.0217996517520355	0.0056411529263612	0.0017035775127768		0.0151409688663014			0.0784313725490196	0.0082064464839714	0.0118112001360984	0.0389773191899239
Acidimicrobiia	Actinomycetota	Bacteria	0.7688155947733609	2.9124005034263827	2.7164678290395483	0.6946648096652333	1.0269307240723993	1.904694613511036	1.6592021018213745	2.5218635511842242	5.47291749984703	1.5648070086866348	2.858276542237966	2.3970886141073677
Actinomycetes	Actinomycetota	Bacteria	6.192535474474343	24.550044115926628	21.319380645848746	9.554887399615575	9.336252798521219	17.972140244688624	15.773887619482316	22.487554297303447	46.47530842972921	14.308864491682735	19.409743830224166	18.349154653717182
Aerophobia	Aerophobota	Bacteria								0.0083333333333333	0.0392156862745098			
Alphaproteobacteria	Pseudomonadota	Bacteria	5.16670911071965	23.274783440357258	19.69811380011487	7.529845456828877	8.007302608381492	15.325982058855669	14.614814176837962	22.512083961712925	41.53526576166378	13.294638942709232	19.240217791350517	16.500238761638172
Aminicenantia	Acidobacteriota	Bacteria	0.026505832779437098	0.1132907010265135	0.1481146140046844	0.0306643952230361	0.034090909090909	0.2424591336128241	0.0454545454545454		0.27450980392156865	0.0484128930937482	0.1023625577525113	0.0685206761156969
Anaeroferrophillalia	Desulfobacterota	Bacteria											0.0039370078740157	
Anaerolineae	Chloroflexota	Bacteria	0.4234281729008583	1.6349050018191333	1.733444449702611	0.4274882464582354	0.6830191679167885	1.167408972292938	0.8409772409884415	1.3083333333333282	3.335662597886246	1.0401520091317784	1.3425239755603111	1.311614813916709
Ancaeobacteria	JAKLEM01	Bacteria		0.0055702105166283	0.0909090909090909	0.0017035775127768	0.0454545454545454	0.0127589385745555				0.024	0.0078740157480314	
Andersenbacteria	Patescibacteriota	Bacteria						0.0042643923240938			0.0392156862745098	0.0039999988424947		
Aquicultoria	Actinomycetota	Bacteria	0.0066739690212975			0.0017035775127768		0.0063965884861407					0.007874192262082701	0.0201093946616221
Aquificia	Aquificota	Bacteria	0.0662645819485927	0.304849664928169	0.2614698697205988	0.09369676321568919	0.1931818181818179	0.2758969448271266	0.11364743603177771	0.19166666666667628	0.49019607843137253	0.1408331191167279	0.1220481266647436	0.1854526336854686
Armatimonadia	Armatimonadota	Bacteria		0.0197964777995098	0.03475935828877	0.0068143100511073		0.0052548610093891	0.0454600816522525	0.0750000000000049	0.0392156862745098	0.0360036668420365	0.08267716535433049	
Atribacteria	Atribacterota	Bacteria	0.0197368421052631	0.0306406685236768	0.0106951871657754		0.0113636363636363			0.0083333333333333	0.0196078431372549	0.008	0.0039370078740157	
Auribacteria	Auribacterota	Bacteria		0.1030640668523676	0.0133689839572192	0.0545144804088586	0.1022727272727272	0.1108742004264392				0.008		
B129-G9	Planctomycetota	Bacteria		0.0028390298344205	0.0160427807486631							0.0040000001258077	0.0354330708661417	
B13-G15	Desulfobacterota	Bacteria											0.0039370078740157	
B3-B38	Acidobacteriota	Bacteria											0.0039370078740157	
B62-G9	Spirochaetota	Bacteria	0.0131578947368421	0.0501392757660167	0.1042780748663101	0.0085178875728364	0.034090909090909	0.0170575693055834			0.0196078431372549	0.012		
B64-G9	Myxococcota	Bacteria		0.0141184181306688	0.0026737967914438	0.0068143100511073		0.0052548610093891	0.0454600816522525	0.0750000000000049	0.0196078431372549	0.0200036665904223	0.0078740157480314	
BMS3Abin14	BMS3Abin14	Bacteria	0.0131578947368421	0.0501392757660167	0.1042780748663101	0.0085178875728364	0.034090909090909	0.0170575693055834			0.0196078431372549	0.016		
BSN033	Desulfobacterota	Bacteria		0.0055702105166283	0.0909090909090909	0.0017035775127768	0.0454545454545454	0.0683627929629326			0.0196078431372549	0.024	0.0078740157480314	
Babeliae	Babelota	Bacteria	0.0601171437084863	0.0111955757954234	0.0187165775401069	0.0085178875549317		0.0077574432186126		0.0166669953768868	0.1764705882352941	0.0320000001258053	0.0787401574803146	0.0701122594329936
Bacilli	Bacillota	Bacteria	13.974374164696377	56.181420247355334	50.06977507474824	24.931328854821363	22.45662264935123	43.31408910161464	36.84161424714781	51.72504216212655	116.1013421331814	33.51530924171859	47.93702371301481	43.0207464037753
Bacteriovoracia	Bdellovibrionota	Bacteria	0.0200219070638925	0.058931019299100496	0.1506699638975069	0.0545144804039172	0.0568181818181817	0.1658212590224972	0.22728933586584832	0.2416666666666813	0.2549019607843137	0.16400366647921782	0.1614178523767985	0.06976214624901719
Bacteroidia	Bacteroidota	Bacteria	10.966991631489666	47.41703311325715	43.85258518359486	20.35011554670565	16.856710065127103	32.52897459690538	30.343128028076475	43.74677967363409	93.15840329639069	27.508074371451873	40.39333787064265	34.48554639584225
Bdellovibrionia	Bdellovibrionota	Bacteria	0.0464327181904531	0.1227697371744254	0.2645307699080887	0.0425948543203891	0.10227272727272721	0.0853179450246669	0.11364743603177771	0.1583336620435633	0.27450980392156865	0.1362137802938523	0.3385833832215581	0.14647531449554468
Binatia	Desulfobacterota_B	Bacteria	0.0658844953370869	0.169817888063275	0.1806688472903362	0.0425894378323844	0.045454545454545296	0.1239628054641197	0.2045675993362827	0.3499999999999881	0.45098039215686275	0.1524265015568089	0.1574804914746803	0.1050213837643954
Bipolaricaulia	Bipolaricaulota	Bacteria	0.0727485076641373	0.0864044894444482	0.1395061049434059	0.018739352651502998	0.045454545454545296	0.0982477776385233	0.0909090909090908	0.0083333333333333	0.058823529411764705	0.036000000125806605	0.0826778714105354	0.0993055031747902
Blakebacteria	Blakebacterota	Bacteria		0.0028390298344205	0.0160427807486631							0.0040000001258077	0.0354330708661417	
Blastocatellia	Acidobacteriota	Bacteria	0.0727485076641373	0.47557216027374416	0.3706509340648645	0.078254856290067	0.08074644064406239	0.2658857785313735	0.2045527064500278	0.34062052630757544	0.7647058823529411	0.2088158487224743	0.3582682460775852	0.3232354890956844
Brachyspiria	Spirochaetota	Bacteria	0.0329897584949817	0.2218765252809923	0.0762156599791739	0.0817717206152935	0.1136363636363635	0.2266750761600298	0.090920163304505	0.1583333333333431	0.47058823529411764	0.1286266775143893	0.133858444230586	0.1710654483388669
Bradymonadia	Myxococcota	Bacteria	0.0328947368421052	0.1506086688270474	0.0267379679144384	0.0647359454855195	0.1136363636363635	0.1161290614358283	0.0681873543795252	0.0916666666666715	0.058823529411764705	0.0400036665904223	0.0236220472440943	0.0283018867924527
Brevinematia	Spirochaetota	Bacteria		0.1030640668523676	0.0133689839572192	0.0545144804088586	0.1022727272727272	0.1108742004264392				0.008		
Brocadiia	Planctomycetota	Bacteria	0.0528216222531213	0.20212751529062079	0.1210951205884693	0.0306095405821524	0.0233277657765767	0.0341583866771474	0.09091548496023111	0.1828109205742463	0.2549019607843137	0.0722101156410217	0.110236573500543	0.1333190221180971
CADDZG01	Actinomycetota	Bacteria	0.013347938042595	0.0245851670723697	0.0056411529263612	0.0034071550255536		0.0215375573524421			0.09803921568627451	0.0082064464839714	0.0433074396422755	0.0779546383798478
CAIWAD01	CAIWAD01	Bacteria									0.0196078431372549	0.0080000011575063		0.0188710888910094
CAJVYJ01	Actinomycetota	Bacteria	0.0131578947368421	0.0027855153203342							0.0196078431372549	0.0080000011575063		0.0188710888910094
CAKKQC01	CAKKQC01	Bacteria									0.0196078431372549			
CALGFH01	Actinomycetota	Bacteria	0.0066739690212975			0.0017035775127768		0.0063965884861407			0.0196078431372549		0.003937184388067	0.0201093946616221
CALKMS01	Actinomycetota	Bacteria				0.0034071550255536			0.0227272727272727					
CG03	CG03	Bacteria	0.0601171437084863	0.0027855153203345							0.0196078431372549			0.0418103726405409
CG2-30-40-21	UBA9089	Bacteria			0.0058162653712135	0.0017035775147826					0.058823529411764705		0.0078740157480314	
CG2-30-70-394	CG2-30-70-394	Bacteria									0.0196078431372549			
CLD3	CLD3	Bacteria		0.0027855153203342								0.004	0.0078740157480314	
CPR2	Patescibacteriota	Bacteria		0.1831971913597447	0.0744096722137987	0.028905963065364103	0.0233277657765767	0.0136112980100006	0.1363755666124836	0.2411435964871442	0.058823529411764705	0.0400073331808446	0.027559055118109903	0.0364901304845323
CPR3	Patescibacteriota	Bacteria											0.0039370078740157	
CSSED10-310	CSSED10-310	Bacteria									0.0196078431372549		0.0039370078740157	
Caldisericia	Caldisericota	Bacteria	0.019831863758139598	0.011098962896217	0.011632530742427	0.0085124710649211		0.0106609808102345		0.0083333333333333	0.19607843137254902	0.023999999999999	0.047244271002240004	0.0484112814540748
Calditrichia	Calditrichota	Bacteria	0.0066739690212975			0.0017035775127768		0.0063965884861407		0.0250003287102201	0.0392156862745098	0.012	0.0393702552542085	0.029543356925773
Calescibacteriia	Calescibacteriota	Bacteria									0.0196078431372549			
Campylobacteria	Campylobacterota	Bacteria	1.1851819928222067	6.381236176892655	5.3812117982242045	2.433322753189925	2.417497811781161	4.44569677877016	4.182129146442425	6.210961914109633	13.489629180080952	3.671709834902155	5.350409057509888	4.796941157716471
Ch66	Bacillota	Bacteria		0.0141184181306688	0.0026737967914438	0.0068143100511073		0.0052548610093891	0.0454600816522525	0.0750000000000049		0.0200036665904223	0.0078740157480314	
Chitinivibrionia	Fibrobacterota	Bacteria	0.0066739690212975		0.016042780748663	0.0068143100511072	0.0113636363636363	0.0127931769722814	0.0227272727272727		0.0784313725490196	0.0120000011575063	0.027559231632161302	0.0484144458167824
Chlamydiia	Chlamydiota	Bacteria	0.1519809410438193	0.528763287379221	0.8559901009977845	0.1584381252260989	0.4090909090909085	0.39064913412880237	0.2954877626407877	0.4833333333333626	0.9827214214156578	0.44084412396565004	0.3897650151259157	0.3011557785727504
Chlorobiia	Bacteroidota_A	Bacteria	0.0727485076641373	0.37665208555535007	0.299665255932612	0.10391822830330809	0.1818181818181815	0.35861465077306537	0.0681873543795252	0.1333336620435582	0.6078431372549019	0.2090285679074349	0.169292044638881	0.2691263170176292
Chloroflexia	Chloroflexota	Bacteria	0.0928654363809063	0.17746718344982249	0.3912550095812224	0.039182282802819	0.1249999999999998	0.194623656539645	0.090920163304505	0.1916673240871167	0.43137254901960786	0.1966266755768086	0.3267730656557159	0.2929569577165046
Chrysiogenetes	Chrysiogenota	Bacteria									0.0196078431372549	0.004		
Chthonomonadetes	Armatimonadota	Bacteria	0.0329897584949817	0.0084100604750889	0.0276753114910901	0.005110732542342		0.0063965884861407			0.1568627450980392	0.0160000001258076	0.0590552946242873	0.029543356925773
Cloacimonadia	Cloacimonadota	Bacteria	0.013347938042595	0.2048060015827826	0.08272462193160371	0.0306095405691885	0.0233277657765767	0.09538748812209019	0.09091548496023111	0.1744769298204726	0.39215686274509803	0.0442101142319	0.0787405105084169	0.1427498200195404
Clostridia	Bacillota	Bacteria	12.019593638073255	45.99451832020818	43.16225336550371	19.58327211509502	19.213115695172988	35.75007381303775	29.77543516073176	42.77690559945111	93.1317459884477	28.696602564683854	41.4416954033464	36.6496106664668
Coprothermobacteria	Coprothermobacterota	Bacteria		0.0217996517520355	0.0056411529263612	0.0017035775127768	0.0113636363636363	0.0087443803801607			0.058823529411764705	0.0082064464839714	0.0039370078740157	0.0094339622641509
Coriobacteriia	Actinomycetota	Bacteria	0.6619806679157922	3.957824097807998	3.533944139817201	1.0983578256490747	1.6525312171217021	2.7847773354951144	2.0910709672723526	3.1541514015789414	5.823529411764706	2.0814226213111877	2.7795349726452763	2.279310824837872
Cyanobacteriia	Cyanobacteriota	Bacteria	0.5567689325378642	2.840673627631577	2.1023057104873	0.6673581313327772	0.834349398939885	1.7101621047309943	1.6592029596748077	2.4963825975075653	4.705882352941177	1.3967702605091032	2.251974152386673	2.1171840922375953
D2-FULL-39-29	Firestonebacteria	Bacteria	0.013347938042595			0.0085178875549317		0.020550620190894			0.0196078431372549	0.004	0.007874368776134	0.0402187893232442
DAOPZR01	DAOPZR01	Bacteria									0.0196078431372549	0.0080000011575063		0.0188710888910094
DAOWOC01	Desulfobacterota	Bacteria									0.0196078431372549			
DASVDK01	DASVDK01	Bacteria	0.0066739690212975			0.0017035775127768		0.0063965884861407					0.003937184388067	0.0201093946616221
DASYRF01	Myxococcota	Bacteria									0.0196078431372549			
DG-23	Planctomycetota	Bacteria	0.0066739690212975			0.0017035775127768		0.0063965884861407					0.0157482080101142	0.029543356925773
DG-26	TA06	Bacteria		0.0083565459610027							0.0196078431372549		0.0039413639546537	
DG-26_A	TA06_A	Bacteria			0.0026737967914438									
DRYD01	DRYD01	Bacteria										0.004		
DSM-12270	Bacillota	Bacteria		0.041542615037459	0.0270315272579119	0.0119250425804854		0.0217566846081624	0.0454600816522525	0.0750000000000049	0.0392156862745098	0.044211173539651205	0.0629919494702183	0.0188679245283018
DSM-16504	Bacillota	Bacteria												0.0094339622641509
DSM-4660	Desulfobacterota	Bacteria	0.0066739690212975	0.22401097954348148	0.0883657748579649	0.0323131180909177	0.0233277657765767	0.07602752325955581	0.1591028393397563	0.2411435964871442	0.21568627450980393	0.0924165605344601	0.0393702552542083	0.1037725008296165
DSWW01	Desulfobacterota	Bacteria	0.0131578947368421	0.0501392757660167	0.1042780748663101	0.0085178875728364	0.034090909090909	0.0170575693055834				0.012		
DTU014	Bacillota	Bacteria	0.0066739690212975			0.0017035775127768		0.0063965884861407					0.003937184388067	0.0201093946616221
DTU025	Bacillota	Bacteria		0.0197429632854235	0.0187165775401069	0.008517887563884101		0.0437857370124822	0.0454600816522525	0.0750000000000049		0.0399999999443976	0.0590551181102359	
DTU030	Bacillota	Bacteria									0.0196078431372549			0.0094339622641509
DTU065	Bacillota	Bacteria				0.0034071550255536		0.0021321965654842			0.0392156862745098	0.004	0.0039370078740157	
DTU084	Bacillota	Bacteria		0.0027855153203342		0.0034071550255536			0.0227272727272727	0.0083333333333333			0.0039370078740157	
DTU086	Bacillota	Bacteria									0.0196078431372549		0.0039370078740157	
DTXE01	Desulfobacterota	Bacteria									0.0196078431372549			
DUMJ01	DUMJ01	Bacteria	0.0066739690212975			0.0017035775127768		0.0063965884861407					0.003937184388067	0.0201093946616221
DUOV01	Bacillota	Bacteria											0.0039370078740157	
DVGY01	Bacillota	Bacteria			0.0026737967914438									
Deferribacteres	Chrysiogenota	Bacteria	0.1650438141277849	0.3171151646680937	0.440719832641606	0.0749025559282426	0.1369641294129401	0.1501889590879416	0.181830112067029	0.2661442539075845	0.39215686274509803	0.2680036713445264	0.2519695630213144	0.2514956141838967
Deferrimicrobia	Desulfobacterota_E	Bacteria	0.072463442705508	0.108635097493036	0.21122994652406402	0.0221465076840032	0.068181818181818	0.0982477776477315	0.0227272727272727	0.0083333333333333	0.0392156862745098	0.024	0.007874192262082701	0.0201093946616221
Deferrisomatia	Desulfobacterota_C	Bacteria										0.0039999999999988		
Dehalobacteriia	Bacillota	Bacteria	0.019831863758139598	0.0888963754831415	0.1371258674954355	0.0306643952319884	0.034090909090909	0.0494752355308549	0.0909146271067979	0.1338564035128701	0.3137254901960784	0.06021011320020141	0.0787403339943657	0.0484112814540748
Dehalococcoidia	Chloroflexota	Bacteria	0.2257310877535299	1.1787334366611246	0.9656518709720724	0.3524705646824376	0.42225602460245687	0.7543416417031901	0.818250826114602	1.3072871929742955	1.9827214214156577	0.5968624589003183	0.8937029055701858	0.7416659256207243
Deinococci	Deinococcota	Bacteria	0.0727485076641373	0.22624569858876228	0.27099081951248033	0.0936967632156891	0.14772727272727249	0.2657008924531634	0.0454600816522525	0.1166669953769181	0.5686274509803921	0.1360000019825589	0.405512517079826	0.20308541680586528
Desulfarculia	Desulfobacterota	Bacteria	0.006578947368421	0.0387570997171248	0.024357730466468098	0.0068143100511073		0.0182636337136436	0.0681873543795252	0.1166666666666401	0.09803921568627451	0.0362101120426961	0.0748031496062989	0.0377358490566036
Desulfitobacteriia	Bacillota	Bacteria	0.0066739690212975	0.019646350386217398	0.0143063275338708	0.018733936141582		0.013783646061014	0.0681873543795252	0.0750000000000049	0.1568627450980392	0.0520036677479282	0.051181278876255606	0.06728237034508419
Desulfobaccia	Desulfobacterota	Bacteria	0.0066739690212975	0.0273698622686638	0.09922404062689591	0.0034071550255536	0.0454545454545454	0.083503761829234			0.0784313725490196	0.0482064464839716	0.035433247380192705	0.0389773191899239
Desulfobacteria	Desulfobacterota	Bacteria	0.1727194221946557	0.7365607994597756	0.307568199408322	0.2947189097184142	0.47787844896560866	0.7334443907419773	0.181830112067029	0.3250003287102296	0.9803921568627451	0.2606182819453049	0.4133872388840621	0.3995593476340305
Desulfobulbia	Desulfobacterota	Bacteria	0.106454840246063	0.2278482142314748	0.21228573699933662	0.0885860306664006	0.1363636363636362	0.2909625051175689	0.0909146271067979	0.1166669953768916	0.45098039215686275	0.1164165623766085	0.2440950177311293	0.2247863947847841
Desulfofervidia	Desulfobacterota	Bacteria									0.0392156862745098			
Desulfomonilia	Desulfobacterota	Bacteria	0.026505832779437098	0.2681983617348747	0.2145028958441516	0.0408310056657598	0.0574186748674857	0.07695388292289809	0.09091548496023111	0.1744769298204991	0.2549019607843137	0.08441656199918421	0.0826775183824328	0.14275298438224798
Desulfotomaculia	Bacillota	Bacteria	0.0131578947368421	0.1824441132242315	0.0463352234849659	0.0647359454855195	0.1022727272727272	0.1477683223771558			0.2549019607843137	0.044619339577722	0.070866141732283	0.0377358490566036
Desulfovibrionia	Desulfobacterota_I	Bacteria	0.2720687842911066	1.443071255431772	0.9400314748852969	0.3814313824314416	0.5472560246024566	1.0040863590335352	0.7046033900828244	1.1984317755921388	2.0392156862745097	0.6742950422434945	0.7834668616118136	0.9906923410648542
Desulfurellia	Campylobacterota	Bacteria				0.0017035775127768		0.0385308760030931			0.0392156862745098	0.0239963332281677	0.0078740157480314	
Desulfuromonadia	Desulfobacterota	Bacteria	0.1390130896127301	0.4855289135380106	0.6362821261527601	0.10045621863687029	0.1710550385038491	0.3987351005564994	0.272750275371534	0.4244775872409276	0.8235294117647058	0.3048367919423127	0.37401733665793757	0.3967357872715363
Dethiobacteria	Bacillota	Bacteria	0.0131578947368421	0.2006995737516603	0.1310160427807484	0.0851788756477935	0.15909090909090878	0.1417154157930366	0.11364189983407061	0.1255227414693167	0.1764705882352941	0.0600036665904224	0.070866141732283	0.0283018867924527
Dictyoglomia	Dictyoglomota	Bacteria				0.0034071550255536			0.0227272727272727		0.0392156862745098			
Dissulfuribacteria	Desulfobacterota	Bacteria	0.0066739690212975	0.0415961295515453	0.0484219015894627	0.0102214650766609	0.0113636363636363	0.0203958298756905	0.0454600816522525	0.0750000000000049	0.1764705882352941	0.0402101133260079	0.0866143497423975	0.029543356925773
Dojkabacteria	Patescibacteriota	Bacteria	0.0329897584949817	0.0698822390514402	0.1421799017348496	0.0221465076770567	0.034090909090909	0.0372378038527381	0.0454600816522525	0.1171894081359833	0.19607843137254902	0.0600047270556799	0.0708661417323011	0.0484112814540748
Dormibacteria	Chloroflexota	Bacteria	0.11222219187466359	0.453329627241484	0.3510296108109432	0.12947189098199668	0.23924208532924518	0.24094726270540928	0.2045629209920088	0.3411435964871491	0.37254901960784315	0.1682148412319774	0.2322839941090996	0.2018365338710864
Doudnabacteria	Patescibacteriota	Bacteria		0.0387570997171248	0.024357730466468098	0.0170357751188158		0.0238888811736466	0.0454600816522525	0.0916666666666715	0.19607843137254902	0.0482101143577077	0.051181102362204495	0.0283050511551603
E44-bin80	WOR-3	Bacteria								0.0083336620435535		0.008	0.0039370078740157	
Electryoneia	Electryoneota	Bacteria	0.0066739690212975			0.0017035775127768		0.0063965884861407					0.003937184388067	0.0201093946616221
Elusimicrobia	Elusimicrobiota	Bacteria	0.0727485076641373	0.1830398543385714	0.2456022014167879	0.0630323679787594	0.0568181818181816	0.2539403841076789	0.1591019814863231	0.2083333333333116	0.6470588235294118	0.160624067986921	0.2952761200933516	0.1559124411224032
Endomicrobiia	Elusimicrobiota	Bacteria	0.0200219070638925	0.0273698622686638	0.1050403059981094	0.0136286201042202	0.0454545454545454	0.0813561569817156		0.0083333333333333	0.23529411764705882	0.0562027808696453	0.0629926555264053	0.1075011596683284
Entotheonellia	Tectomicrobia	Bacteria									0.0196078431372549			
Erginobacteria	PUNC01	Bacteria		0.0028390298344205	0.0160427807486631							0.008000000125807701	0.0354330708661417	
FAC87	Bdellovibrionota	Bacteria		0.0141184181306688	0.0053475935828876	0.0102214650766609		0.0052548610093891	0.0681873543795252	0.0833336620435584	0.0392156862745098	0.044004726929872104	0.0157478549820295	
FW602-bin22	Chloroflexota	Bacteria	0.0066739690212975			0.0017035775127768		0.0063965884861407					0.007874192262082701	0.0201093946616221
Fermentibacteria	Fermentibacterota	Bacteria		0.0301561977130382	0.0056411529263612			0.0087443803801607			0.0784313725490196	0.0242053861445191	0.0039370078740157	0.0283018867924527
Fermentithermobacillia	Bacillota	Bacteria		0.0083565459610027	0.0053475935828876						0.09803921568627451	0.020001061496956102	0.0196848628560453	0.0283050511551603
Fibrobacteria	Fibrobacterota	Bacteria	0.0729385509698902	0.2713863162684308	0.3562141257906756	0.0510524707245159	0.1369641294129401	0.2087077578222549	0.09091548496023111	0.1661435964871393	0.4117647058823529	0.1444165623766086	0.2401585393992674	0.2514924498211891
Fimbriimonadia	Armatimonadota	Bacteria	0.0464327181904531	0.0988786536142038	0.0521514888561794	0.0136286201042202	0.0227272727272726	0.113819938363		0.0166666666666666	0.39215686274509803	0.06861827923827221	0.0787408635365196	0.118173427703092
Fusobacteriia	Fusobacteriota	Bacteria	0.1706212266121647	0.3271962699980845	0.5130385461074035	0.8361458441630892	0.1136363636363633	0.5965232460820951	0.6136806532180198	0.6750006574204793	1.0778644741985985	0.4080146697376037	0.5551191693205252	0.3326158258149504
GCA-002687715	Planctomycetota	Bacteria	0.0131578947368421	0.0501392757660167	0.11009434023752361	0.010221465087619	0.034090909090909	0.0170575693055834			0.0392156862745098	0.012	0.0039370078740157	
GCA-003054495	Bacillota	Bacteria									0.0196078431372549		0.0039370078740157	
GWA2-38-11	Schekmanbacteria	Bacteria				0.0034071550255536		0.0021321965654842			0.0392156862745098	0.0079999999999988	0.0039370078740157	
GWC2-55-46	Desulfobacterota	Bacteria	0.0066739690212975	0.024638681586456	0.024357730466468098	0.0017035775127768		0.0151409688663014			0.1568627450980392	0.0202064477672854	0.043307263128224395	0.0484144458167824
GWE2-31-10	Spirochaetota	Bacteria	0.0066739690212975	0.0028390298344205	0.0160427807486631	0.0017035775127768		0.0620004428745178			0.0196078431372549	0.0040000001258077	0.039370255254208696	0.0201093946616221
Gammaproteobacteria	Pseudomonadota	Bacteria	30.39418536455115	127.62216481735103	114.26079442817792	52.664578333575925	49.434245543278294	91.2714221827829	77.82560270058879	114.0541429188253	239.8501499240735	71.584002159176	98.9371012491196	92.99094768853436
Gemmatimonadetes	Gemmatimonadota	Bacteria	0.2051826499084462	0.7732256466036962	0.7338272142737492	0.2845522993016174	0.363641592279941	0.8125766513971051	0.7046008165225247	0.983377422097617	2.196078431372549	0.6176835204027568	0.9448841844464415	0.7708845721296043
Geothermincolia	Actinomycetota	Bacteria		0.0217996517520355	0.013662543300692699	0.0017035775127768	0.0113636363636363	0.0087443803801607			0.0392156862745098	0.0082064464839714	0.0236220472440943	0.0188679245283018
Gracilibacteria	Patescibacteriota	Bacteria	0.1525074718250103	0.2114814459811562	0.5114574182975743	0.0442930153610598	0.1477272727272724	0.1559984317698905	0.0909090909090908	0.0250003287102201	0.45098039215686275	0.1362064482705165	0.2598430492271923	0.177613419101322
HRBIN16	Armatimonadota	Bacteria	0.0066739690212975	0.0055710306406685		0.0051107325383304		0.0085287850516249			0.058823529411764705	0.004	0.007874192262082701	0.0201093946616221
HRBIN17	Armatimonadota	Bacteria	0.0263157894736842	0.0670432092170197	0.10695187165775391	0.015332197623943701	0.034090909090909	0.0223124303149725	0.0454600816522525	0.0833333333333382	0.0196078431372549	0.0320036665904223	0.011811023622047102	
Halanaerobiia	Bacillota	Bacteria	0.0329897584949817	0.0139802709917172	0.1176470588235293	0.0102214650766608	0.0454545454545454	0.029816508677805297		0.0250003287102201	0.09803921568627451	0.0520000001258078	0.090551357616413	0.07671316824652749
Hebobacteria	Armatimonadota	Bacteria			0.0058162653712135	0.0017035775147826		0.0021321961620469	0.0227272727272727		0.0392156862745098		0.0078740157480314	
Hinthialibacteria	Hinthialibacterota	Bacteria		0.0028390298344205	0.0160427807486631	0.0034071550255536	0.0113636363636363	0.0385308760030931		0.0083333333333333	0.0392156862745098	0.015996333353975302	0.047244094488188795	
Holophagae	Acidobacteriota	Bacteria	0.026505832779437098	0.022581993119843997	0.03475935828877	0.0119250425894377		0.018048037981670498	0.0909146271067979	0.10000032871022499	0.29411764705882354	0.07200366684203531	0.1141735813745588	0.0779546383798478
Humimicrobiia	Actinomycetota	Bacteria		0.0169574479650893	0.0240641711229946	0.008517887563884101		0.0052548610093891	0.0454600816522525	0.1167097693002776	0.0196078431372549	0.024003666716230002	0.0629921259842517	0.0094339622641509
Hydrogenedentia	Hydrogenedentota	Bacteria	0.0066739690212975	0.0507653148670953	0.040575623659983295	0.0340715502485898		0.0791104715462482	0.1591075176840302	0.233333333333348	0.0784313725490196	0.10400733428274711	0.0905513576164129	0.0578484080809333
Hydrothermia	WOR-3	Bacteria		0.1228605446518774	0.0597608729884162	0.0647359454895311	0.1022727272727272	0.1161290614358283	0.0454600816522525	0.0916669953768917	0.11764705882352941	0.048003666842037704	0.0944881889763777	0.0094339622641509
Ignavibacteria	Bacteroidota_A	Bacteria	0.0659795169899634	0.550488815833186	0.46410334102508083	0.0919383310620283	0.27332776577657647	0.33538843978641447	0.34093762975105923	0.5161442539075991	0.7843137254901961	0.24842867814750522	0.18897655446682332	0.1521806179209837
J058	Planctomycetota	Bacteria									0.0196078431372549	0.0120000011575063	0.0078740157480314	0.0188710888910094
JAANXI01	Marinisomatota	Bacteria								0.0171894081359785				
JAAXHH01	JAAXHH01	Bacteria									0.0392156862745098			
JAAYKD01	Bacillota	Bacteria						0.0042643923240938				0.0039999988424947		
JAAYUB01	Acidobacteriota	Bacteria			0.0084900621626573	0.0017035775147826					0.0392156862745098	0.004		
JAAYUW01	Spirochaetota	Bacteria						0.0556038543883771						
JAAZEB01	Armatimonadota	Bacteria	0.0066739690212975			0.0017035775127768		0.0063965884861407					0.003937184388067	0.0201093946616221
JABDET01	Vulcanimicrobiota	Bacteria		0.1521748397780729	0.0690620786309111	0.0186844979887031	0.0233277657765767	0.0052337725567066	0.0454554033079786	0.09947725853068791	0.0392156862745098	0.0199989396605501	0.0078740157480314	0.0364901304845323
JABMPQ01	Patescibacteriota	Bacteria											0.0039370078740157	
JACMRA01	Patescibacteriota	Bacteria	0.0131578947368421	0.0501392757660167	0.1042780748663101	0.01192504259839	0.034090909090909	0.0170575693055834	0.0227272727272727			0.012		
JACOTG01	Planctomycetota	Bacteria											0.0118110236220472	0.0094339622641509
JACOXK01	Bdellovibrionota	Bacteria									0.0196078431372549			
JACPFL01	JACPFL01	Bacteria									0.0196078431372549			
JACPQY01	JACPQY01	Bacteria								0.0083336620435535		0.008	0.0039370078740157	
JACPSX01	JACPSX01	Bacteria		0.0141184181306688	0.0026737967914438	0.0068143100511073		0.0052548610093891	0.0454600816522525	0.0750000000000049		0.0200036665904223	0.0078740157480314	
JACPWU01	JACPWU01	Bacteria		0.0028390298344205	0.0160427807486631							0.008000000125807701	0.0354330708661417	
JACQOV01	JACQOV01	Bacteria									0.0196078431372549			
JACRCW01	Myxococcota	Bacteria											0.0039370078740157	
JACRGO01	Nitrospinota	Bacteria						0.0042643923240938						
JACRHL01	Nitrospirota_B	Bacteria									0.0196078431372549			
JADFOP01	JADFOP01	Bacteria			0.0080213903743315			0.0063965884861407					0.0039370078740157	
JADFVX01	Desulfobacterota	Bacteria											0.0118110236220472	0.0094339622641509
JADQBR01	Bacillota	Bacteria				0.0017035775127768		0.0385308760030931				0.0119963332281676	0.0078740157480314	
JAEDAM01	Patescibacteriota	Bacteria	0.006578947368421	0.23052489509421728	0.1803873217885597	0.0476453157029741	0.0233277657765767	0.0738988586212561	0.1818356482647361	0.30781026315381577	0.2549019607843137	0.1042137801124444	0.2677165354330698	0.0742259795411359
JAFGBW01	JAFGBW01	Bacteria											0.0039370078740157	
JAFGKV01	Fermentibacterota	Bacteria	0.0066739690212975			0.0017035775127768		0.0063965884861407					0.003937184388067	0.0201093946616221
JAFGOL01	JAFGOL01	Bacteria											0.0039370078740157	
JAGLHV01	UBA6262	Bacteria				0.0034071550255536		0.0021321965654842			0.0392156862745098	0.004	0.0039370078740157	
JAGLSM01	Spirochaetota	Bacteria											0.0118110236220472	0.0094339622641509
JAHJAL01	Patescibacteriota	Bacteria	0.0131578947368421	0.0027855153203342		0.0017035775127768								
JAHJDO01	JAHJDO01	Bacteria									0.0196078431372549			
JAHJRX01	UBA9089	Bacteria			0.0058162653712135	0.0017035775147826					0.0392156862745098			
JAJCYS01	Bdellovibrionota	Bacteria											0.0118110236220472	0.0094339622641509
JAJRXV01	Desulfobacterota	Bacteria											0.0039370078740157	
JAJSAM01	Planctomycetota	Bacteria		0.0028390298344205	0.0160427807486631			0.0021321961620469				0.0040000001258077	0.0354330708661417	
JAJTBE01	Vulcanimicrobiota	Bacteria									0.0196078431372549	0.0080000011575063		0.0188710888910094
JAJYCY01	JAJYCY01	Bacteria									0.0196078431372549			
JAJYWN01	Bacillota	Bacteria												0.0094339622641509
JAJZYS01	Bacillota	Bacteria		0.041542615037459	0.024357730466468098	0.013628620093262201	0.0113636363636363	0.0217566846081624	0.0681873543795252	0.0750000000000049	0.058823529411764705	0.0362101132002014	0.051181102362204495	0.0094339622641509
JALEGL01	Bdellovibrionota_G	Bacteria		0.0141184181306688	0.0026737967914438	0.0068143100511073		0.0052548610093891	0.0454600816522525	0.0750000000000049		0.0200036665904223	0.0078740157480314	
JALVIU01	Atribacterota	Bacteria											0.0039370078740157	
JAMCPX01	JAMCPX01	Bacteria				0.0017035775127768			0.0227272727272727		0.0392156862745098			
JAMCWA01	Bacillota	Bacteria				0.0017035775127768		0.0385308760030931				0.0119963332281676	0.0078740157480314	
JAMCWD01	Vulcanimicrobiota	Bacteria											0.0118110236220472	0.0094339622641509
JANLFM01	JANLFM01	Bacteria		0.0141184181306688	0.0026737967914438	0.008517887563884101	0.0113636363636363	0.0608587153977662	0.0454600816522525	0.0750000000000049		0.0200036665904223	0.0196850393700786	0.0094339622641509
JAOADG01	Electryoneota	Bacteria												0.0094339622641509
JAPUJT01	Planctomycetota	Bacteria									0.0196078431372549			
JASUSC01	Bacillota	Bacteria		0.0055710306406685										
JAUUWJ01	Actinomycetota	Bacteria		0.0028390298344205	0.0160427807486631							0.0040000001258077	0.0354330708661417	
JAUVQV01	JAUVQV01	Bacteria		0.0217996517520355	0.0056411529263612			0.0087443803801607			0.0392156862745098	0.0082064464839714	0.0039370078740157	0.0094339622641509
JAUVYG01	Actinomycetota	Bacteria				0.0034071550255536			0.0227272727272727					
JAUXIQ01	JAUXIQ01	Bacteria											0.0118110236220472	0.0094339622641509
JAWSUQ01	Bacillota	Bacteria	0.0131578947368421	0.0501392757660167	0.1042780748663101	0.0085178875728364	0.034090909090909	0.0170575693055834				0.012		
JAZFTZ01	JAZFTZ01	Bacteria									0.0196078431372549			
JBAZXJ01	Margulisbacteria	Bacteria			0.0058162653712135	0.0017035775147826					0.0392156862745098			
JBBIRW01	Desulfobacterota	Bacteria									0.0196078431372549			
JS1	Atribacterota	Bacteria	0.0131578947368421	0.0056245451547547	0.0218590461198766	0.0068143100441607		0.0077574432186126			0.11764705882352941	0.0040000001258077	0.0354330708661417	
JdFR-76	Zhuqueibacterota	Bacteria								0.0083333333333333				
JdFR-97	Desulfobacterota	Bacteria				0.0034071550255536		0.0021321965654842		0.0083333333333333	0.0392156862745098	0.004	0.0039370078740157	
Joyebacteria	Joyebacterota	Bacteria	0.0066739690212975	0.0055702105166283	0.0909090909090909	0.0034071550255536	0.0454545454545454	0.0747593814490733			0.0196078431372549	0.024	0.0118112001360984	0.029543356925773
Kapaibacteriia	Bacteroidota_A	Bacteria	0.0529166439059977	0.2851645855808499	0.3156385021306921	0.0442327441863331	0.1028732203220311	0.130455325487871	0.1136427576875038	0.2078105918639947	0.2549019607843137	0.1204165609674844	0.1299217893846728	0.1345573278887098
Kazan-3B-28	Patescibacteriota	Bacteria		0.0141184181306688	0.0026737967914438	0.0068143100511073		0.0052548610093891	0.0454600816522525	0.0750000000000049	0.0196078431372549	0.0200036665904223	0.0078740157480314	
Kiritimatiellia	Verrucomicrobiota	Bacteria	0.1392031329184829	0.3877636623874836	0.3639994575304191	0.1482660982694423	0.0681870468253959	0.3002925064671382	0.5909644528861612	0.8833346481742314	0.8627450980392156	0.4208598500125145	0.6259903731896695	0.3815901928565312
Koll11	Omnitrophota	Bacteria	0.1453069720225218	0.4881879716208506	0.49580179912636124	0.0970490635974237	0.102873220322031	0.3308224396609608	0.2954830842965138	0.5328105918640454	0.8823529411764706	0.2770516278753814	0.4881898589482252	0.3363949458358396
Krumholzibacteriia	Krumholzibacteriota	Bacteria	0.0463376965375767	0.084000657182109	0.1310160427807484	0.0272572402133814	0.034090909090909	0.046757056782783704	0.090920163304505	0.1583333333333431	0.058823529411764705	0.07600839364610221	0.0787405105084351	0.08863007077731899
Kryptoniia	Bacteroidota_A	Bacteria		0.0028390298344205	0.0160427807486631	0.0017035775127768		0.0385308760030931			0.1764705882352941	0.0239963345114816	0.047244094488188795	0.0283050511551603
Ktedonobacteria	Chloroflexota	Bacteria	0.0131578947368421	0.0614953951036987	0.16844919786096252	0.0102214650856132	0.034090909090909	0.1111922996970536	0.0227272727272727		0.058823529411764705	0.0599963337313973	0.1929133858267712	0.0471698113207545
Latescibacteria	Latescibacterota	Bacteria									0.0392156862745098			
Lentisphaeria	Verrucomicrobiota	Bacteria	0.07961251999118771	0.2615524732567966	0.3061621840433449	0.0766609880859148	0.09090909090909069	0.3132065199136273	0.25002768098853523	0.4083336620435779	0.6862745098039216	0.2886230092924447	0.3188988733936147	0.2634167651534392
Leptospiria	Spirochaetota	Bacteria	0.1327192072029384	0.2502739050845882	0.3409215423321149	0.0902896081612722	0.07954545454545439	0.3725416346794625	0.27275495371580794	0.42500032871024446	0.9607843137254902	0.36863401448958333	0.5669312520268807	0.5243569187656529
Leptospirillia	Nitrospirota_A	Bacteria	0.026505832779437098	0.0994166389389287	0.15031973900780252	0.01192504259839	0.045454545454545296	0.0473395070381862		0.0166666666666666	0.1568627450980392	0.0724128943770598	0.1299216128706218	0.1062596895350081
Lernaellaia	Lernaellota	Bacteria	0.0066739690212975			0.0017035775127768		0.0063965884861407				0.0120000000000001	0.007874192262082701	0.0201093946616221
Limnochordia	Bacillota	Bacteria		0.019496966994259297	0.18763444718939531	0.0051107325403362	0.0909090909090908	0.025517877149111		0.0166666666666666	0.13725490196078433	0.052000000000000005	0.043307086614172804	0.0188679245283018
Limnocylindria	Chloroflexota	Bacteria	0.0732236159285196	0.9962507656279647	0.6935726631214825	0.14623339284762	0.19618428342833788	0.2309963277568668	0.5000264340579939	0.7974284091564047	0.8235294117647058	0.2570479597500319	0.3464581050258122	0.4483408647546185
MHYJ01	Planctomycetota	Bacteria		0.0028390298344205	0.0187165775401069			0.0042643923240938	0.0227272727272727		0.0392156862745098	0.0200010604652573	0.0393699022261241	
MSB-5A5	Zixibacteria	Bacteria	0.0200219070638925	0.0915791030508321	0.040694070558604495	0.0306643952299827		0.0524431092469108	0.1818347904113029	0.233333333333348	0.1568627450980392	0.08442389286501721	0.0984257263925468	0.0791961085131681
Magnetococcia	Pseudomonadota	Bacteria		0.024638681586456	0.0216839336750243	0.0034071550255536		0.0087443803801607	0.0227272727272727		0.09803921568627451	0.0242064477672854	0.043307086614173096	0.0283050511551603
Marinamargulisbacteria	Margulisbacteria	Bacteria		0.0141184181306688	0.0169801243253146	0.0102214650806725		0.0052548610093891	0.0454600816522525	0.0750000000000049	0.13725490196078433	0.0280036665904211	0.0196850393700785	
Marinisomatia	Marinisomatota	Bacteria	0.105738266159119	0.1727407303985206	0.1650947383299989	0.0664395230132655	0.0568181818181816	0.1805263103599745	0.27275495371580794	0.3916669953769113	0.5317410292587951	0.2884238898233576	0.1850446087296329	0.1288488601005632
Methylomirabilia	Methylomirabilota	Bacteria	0.0066739690212975	0.0169574479650893	0.0356967018654215	0.0153321976190029		0.0223124307092016	0.0454600816522525	0.0833333333333382	0.2549019607843137	0.03600366671623011	0.0708663182463344	0.0389773191899239
Microgenomatia	Patescibacteriota	Bacteria	0.2115715539711145	0.6789655394711328	0.6515180440650894	0.15832841586468901	0.1830191679167896	0.3678565209861026	0.4545748512408559	0.5906218411485072	1.3725490196078431	0.445254410027071	0.6889824991739212	0.5583503674566709
Minisyncoccia	Patescibacteriota	Bacteria	0.6293275010577806	1.906790011956181	1.7984962507276838	1.222742813783774	0.7518067077914888	1.8253532405095565	1.318278507103137	1.8078112492845702	4.509237023218207	1.5047927643966623	2.259853406785565	1.9038436574563546
Moduliflexia	Moduliflexota	Bacteria									0.0196078431372549			
Moorellia	Bacillota	Bacteria		0.008356545961002701	0.0026737967914438			0.0556038543883771						
Myxococcia	Myxococcota	Bacteria	0.019831863758139598	0.3773809124090725	0.20799393389172172	0.1499148211373246	0.2499999999999997	0.2970863914770388	0.11364743603177771	0.1750006574204501	0.5490196078431373	0.18483418202280621	0.1574803149606469	0.1050213837643954
NPL-UPA2	NPL-UPA2	Bacteria												0.0094339622641509
Negativicutes	Bacillota	Bacteria	0.9249049202108138	2.6322568794615107	2.7378658983878874	0.764626613554398	1.2530024652465181	1.8816333149370075	1.6819608760280234	2.5979087054126215	3.9458349996940605	1.4229672677738572	2.177170826266288	1.6401493908400695
Nitriliruptoria	Actinomycetota	Bacteria	0.032989758495754404	0.2020196661384082	0.168286119257807	0.0425345831675785	0.0687823112311221	0.1046533762055642	0.1590973031420492	0.1661435964871393	0.19607843137254902	0.0602101130743935	0.0669293103723184	0.08490141193860709
Nitrospinia	Nitrospinota	Bacteria	0.0779458335370113	0.1490871266837782	0.078420784982292	0.7185989957804125		0.14430402207641138	0.2727438813203938	0.2500000000000146	0.35237427812016714	0.12063034282150531	0.0826771653543301	0.10818587293955789
Nitrospiria	Nitrospirota	Bacteria	0.0926753930751534	0.4250861860745004	0.4018437836900733	0.13111519734196259	0.20514594759475818	0.4178339620461532	0.1363700304147765	0.20833300462314422	0.6666666666666666	0.1482064515616237	0.3267727126276133	0.3081025521315097
OXYB2-FULL-49-7	Fibrobacterota	Bacteria	0.0066739690212975	0.0027855153203342		0.0068143100511072		0.0063965884861407					0.007874192262082701	0.0201093946616221
Oligoflexia	Bdellovibrionota_B	Bacteria	0.0066739690212975	0.0471136456781275	0.024357730466468098	0.008517887563884101		0.0203958298756905	0.0454600816522525	0.0916666666666715	0.058823529411764705	0.036210113200200206	0.0708663182463343	0.029543356925773
Omnitrophia	Omnitrophota	Bacteria		0.0028390298344205	0.0160427807486631						0.058823529411764705	0.008000000125807701	0.0354330708661417	
Ozemobacteria	Muiribacteriota	Bacteria	0.0131578947368421	0.0558173354348577	0.1363636363636363	0.0085178875728364	0.034090909090909	0.0170575693055834			0.0196078431372549	0.028000000251615503	0.0748031496062991	
PGYV01	Goldbacteria	Bacteria									0.0588235294117647		0.0118110236220472	0.0094339622641509
PLA2	Planctomycetota	Bacteria		0.0217996517520355	0.0056411529263612	0.0034071550255536		0.0087443803801607			0.0392156862745098	0.0082064464839714	0.0039370078740157	0.0094339622641509
PUPC01	Planctomycetota	Bacteria												0.0094339622641509
Palsa-1180	FCPU426	Bacteria										0.0039999999999998		
Patescibacteriia	Patescibacteriota	Bacteria	0.0928654363809063	0.6833633184709268	0.4684200469787442	0.2588889272803535	0.27332776577657647	0.538623567965869	0.5909597745418873	0.9223783042490545	1.6862745098039216	0.4692643530028832	0.7755919632935087	0.47096917961413076
Peptococcia	Bacillota	Bacteria	0.0528216222531213	0.1888917138625	0.2657616728282137	0.0459911763529576	0.0795454545454543	0.0826642415811604	0.11364743603177771	0.1500000000000098	0.3137254901960784	0.1204202287154156	0.1496066522407002	0.13456474069016838
Phycisphaerae	Planctomycetota	Bacteria	0.1652338574335378	1.0765198446671185	1.3831641428377113	0.2877948903835324	0.6489282588258798	0.7380901066613238	0.4545748512408559	0.6494772585307119	1.8235294117647058	0.5854487923848479	0.736221884553351	0.5074466526478327
Planctomycetia	Planctomycetota	Bacteria	0.3316593972184019	1.8216315234985732	1.5261544110711474	0.4374902929304644	0.7536029582958228	0.9676649967050268	0.6136691917454976	1.0551968845174848	2.531741029258795	0.629661031326993	1.0196880942926807	1.171153691449958
Polarisedimenticolia	Acidobacteriota	Bacteria	0.019831863758139598	0.0197429632854235	0.024532842911320397	0.0102214650786667		0.015915841819623598	0.0454600816522525	0.0916666666666715	0.11764705882352941	0.0360036678737361	0.0511812788762558	0.0767163326092351
Polyangia	Myxococcota	Bacteria	0.0531066872117506	0.3883345680075217	0.3582072598425998	0.080013288465644	0.1028732203220309	0.1197905031846756	0.2954830842965138	0.5578105918640454	0.7450980392156863	0.24884412208238552	0.43307174871198667	0.3162887155369251
Proteinivoracia	Bacillota	Bacteria	0.0066739690212975	0.035918069882704295	0.008314949717805	0.0119250425894377		0.0225280264411747	0.0454600816522525	0.0750000000000049	0.09803921568627451	0.0362101130743937	0.023622223758145502	0.029543356925773
QNDG01	Zhuqueibacterota	Bacteria										0.0080000000000001		
QYQD01	Desulfobacterota	Bacteria										0.0039999999999988		
RBG-13-66-14	RBG-13-66-14	Bacteria		0.0217996517520355	0.0056411529263612	0.0017035775127768		0.0087443803801607		0.0083333333333333	0.0392156862745098	0.0122064464839714	0.0039370078740157	0.0094339622641509
RBG-16-64-22	Nitrospirota	Bacteria	0.0131578947368421	0.0501392757660167	0.1042780748663101	0.0085178875728364	0.034090909090909	0.0170575693055834			0.0196078431372549	0.012		
RBG-16-71-46	Eisenbacteria	Bacteria	0.019831863758139598	0.1199187270648133	0.14200478928999732	0.0306643952389351	0.034090909090909	0.050095317362099004	0.1591075176840302	0.2250000000000147	0.11764705882352941	0.1002185067204958	0.0944881889763953	0.0389773191899239
RBS10-35	Bacillota	Bacteria								0.0083336620435535	0.0196078431372549	0.011999999999999799	0.0157480314960629	0.0094339622641509
RPQS01	Electryoneota	Bacteria									0.0784313725490196	0.012000001157505099		0.0188710888910094
Rhodothermia	Bacteroidota_A	Bacteria	0.2034595314988244	0.35532653069221487	0.2828602440521495	0.8139993365088786	0.1363636363636362	0.3982664568883129	0.4091185900794442	0.4083333333333577	1.2543350624338927	0.2568441264620722	0.3425207983073757	0.3326253189030732
Riflemargulisbacteria	Margulisbacteria	Bacteria									0.0196078431372549			
Rubrobacteria	Actinomycetota	Bacteria	0.0066739690212975	0.0245851670723697	0.008314949717805	0.0153321976060389		0.0614292880880071	0.0454545454545454	0.0083333333333333	0.09803921568627451	0.020202779712139	0.019685215884129803	0.029543356925773
SAR324	SAR324	Bacteria	0.040043814127785	0.2520242159169621	0.4235277173650977	0.0510524707354741	0.1596914021402129	0.1240516355873796	0.1363755666124836	0.2328102631538109	0.3529411764705882	0.1724202276837156	0.2007884606591098	0.2231873986660288
SDB-A	WOR-3	Bacteria	0.013347938042595			0.0034071550255536		0.0127931769722814					0.007874368776134	0.0402187893232442
SHA-98	Bacillota	Bacteria		0.024638681586456	0.027031527257912	0.0017035775127768		0.0087443803801607		0.0500434313438262	0.0392156862745098	0.0282064466097777	0.051181102362204495	0.0094339622641509
SICC01	Patescibacteriota	Bacteria						0.0042643923240938						
SLGR01	CG03	Bacteria								0.0083333333333333				
SLMV01	Bacillota	Bacteria	0.0131578947368421	0.0027855153203342								0.004		
SM23-31	SM23-31	Bacteria	0.006578947368421							0.0416666666666352				
SORT01	Marinisomatota	Bacteria		0.024638681586456	0.0216839336750243			0.0087443803801607		0.0083333333333333	0.0392156862745098	0.020206446609779202	0.039370078740157397	0.0094339622641509
SURF-8	Myxococcota	Bacteria									0.0196078431372549			
SYMT01	Armatimonadota	Bacteria	0.0066739690212975			0.0017035775127768		0.0063965884861407					0.003937184388067	0.0201093946616221
SZUA-182	SZUA-182	Bacteria	0.0263157894736842	0.0529247910863509	0.1042780748663101	0.0085178875728364	0.034090909090909	0.0170575693055834				0.012	0.0039370078740157	
SZUA-365	Bacteroidota_A	Bacteria									0.0196078431372549			
SZUA-567	Planctomycetota	Bacteria			0.0026737967914438						0.0784313725490196	0.0079999999999988	0.0118110236220472	0.0094339622641509
SZUA-79	SZUA-79	Bacteria	0.019831863758139598	0.0854786462091419	0.1070703185563751	0.0068197265520759	0.0568181818181818	0.0409429185428373	0.0227272727272727	0.0250003287102201	0.21568627450980393	0.0644128954087629	0.0787403339943659	0.0861534592360936
Saccharimonadia	Patescibacteriota	Bacteria	0.2579092505086912	0.9250743585378305	0.8131278421238072	0.3219267117819977	0.4324186748674852	0.7569208899747906	0.7045906019805437	0.9161455687484991	2.2745098039215685	0.6496735770097924	0.925199321590396	0.7708771593281458
Sericytochromatia	Cyanobacteriota	Bacteria	0.0066739690212975	0.0217996517520355	0.0056411529263612	0.0017035775127768		0.0151409688663014		0.0083333333333333	0.0784313725490196	0.0082064464839714	0.007874192262082701	0.029543356925773
SpSt-956	Vulcanimicrobiota	Bacteria	0.0131578947368421	0.0245851670723697	0.0056411529263612			0.0087443803801607			0.0392156862745098	0.0082064464839714	0.0039370078740157	0.0094339622641509
Spirochaetia	Spirochaetota	Bacteria	0.4373463450222441	1.7549539280371504	1.3728441415890926	1.2226933756319718	0.6722560246024566	1.3715410355620354	1.1137164439645615	1.5406649437821567	3.921001729100559	0.9677563805386667	1.8897697810052942	1.4432018773423827
Sulfobacillia	Bacillota	Bacteria		0.024638681586456	0.0216839336750243	0.0085178875549317		0.0207662159228671	0.0227272727272727	0.0083333333333333	0.11764705882352941	0.0202064477672854	0.086614173228346	0.0471729756834621
Sumerlaeia	Sumerlaeota	Bacteria	0.0197368421052631	0.0306406685236768	0.0106951871657754		0.0113636363636363				0.0196078431372549	0.0119999999999988	0.0078740157480314	
Symbiobacteriia	Bacillota	Bacteria	0.0066739690212975			0.0017035775127768		0.0063965884861407					0.003937184388067	0.0201093946616221
Synergistia	Synergistota	Bacteria	0.2285451530852835	0.4969379992599135	0.5645462507304051	1.5325983323112071	0.2045454545454542	0.5305594366770506	0.590936771897626	0.45000065742049106	0.7831799287893538	0.28083678841419	0.4055123405657739	0.2672533101490008
Syntrophia	Desulfobacterota	Bacteria	0.0795174983383113	0.4071485602351272	0.37034534087969423	0.1260098812976542	0.2278732203220309	0.361621184150896	0.1363644942170694	0.14114392519735441	0.8627450980392156	0.1846109482612353	0.3070876732575343	0.2986622611419436
Syntrophobacteria	Desulfobacterota	Bacteria		0.0301561977130382	0.0056411529263612	0.0017035775127768		0.0472752563832538			0.11764705882352941	0.0322027797121391	0.0157480314960628	0.0283018867924527
Syntrophomonadia	Bacillota	Bacteria	0.0263157894736842	0.0554806077680965	0.0457481047980189	0.01362320359924		0.091060993395736	0.0454600816522525	0.0916669953768917	0.1764705882352941	0.0802027797823429	0.1220472440944876	0.0188679245283018
Syntrophorhabdia	Desulfobacterota_G	Bacteria	0.0131578947368421	0.0753997551780224	0.1096256684491977	0.015332197623943701	0.034090909090909	0.0308412149631601	0.0454600816522525	0.0916666666666715	0.0784313725490196	0.0360036665904223	0.011811023622047102	
Sysuimicrobiia	Sysuimicrobiota	Bacteria	0.013347938042595	0.1987262488496848	0.0738354225312037	0.061328790461971594	0.1022727272727272	0.1971757749224565		0.025	0.3137254901960784	0.0648221194156674	0.1614176758627475	0.1345584119647532
T3Sed10-11	Bacteroidota_A	Bacteria		0.0141184181306688	0.0026737967914438	0.0068143100511073		0.0052548610093891	0.0454600816522525	0.0833336620435584		0.0280036665904223	0.011811023622047102	
TC1	Bacillota	Bacteria		0.0217996517520355	0.0056411529263612	0.0034071550255536		0.0087443803801607	0.0227272727272727		0.0392156862745098	0.0082064464839714	0.0039370078740157	0.0094339622641509
Tariuqbacteria	Electryoneota	Bacteria	0.0066739690212975			0.0017035775127768		0.0063965884861407					0.003937184388067	0.0201093946616221
Termititenacia	Margulisbacteria	Bacteria									0.0196078431372549			
Terriglobia	Acidobacteriota	Bacteria	0.2391226249321925	1.1471880824716985	0.9473601686784121	0.32697175665157907	0.41029189518951636	0.8199665713834989	0.704596996031684	1.123997619694994	2.651717352635237	0.642706872713146	1.2480355558861838	1.1027945303449929
Thermincolia	Bacillota	Bacteria		0.0027855153203342		0.0051107325383304					0.0196078431372549		0.0078740157480314	0.0094339622641509
Thermoanaerobacteria	Bacillota	Bacteria	0.0066739690212975	0.0217996517520355	0.0056411529263612	0.0051107325383304		0.0151409688663014	0.0227272727272727		0.13725490196078433	0.0242064476414765	0.0118112001360984	0.0484144458167824
Thermoanaerobaculia	Acidobacteriota	Bacteria	0.0926753930751534	0.2949449379625806	0.525119961598267	0.064735945523334	0.136363636363636	0.1944765376307483	0.1591019814863231	0.2088567322230952	0.5490196078431373	0.16442022793533212	0.2716546023913932	0.1772633059173456
Thermodesulfobacteria	Desulfobacterota	Bacteria	0.019926885411016	0.0217996517520355	0.011457418297574701	0.0051107325403362		0.0215375573524421			0.23529411764705882	0.0202064464839702	0.015748384524165403	0.0496527515873951
Thermodesulfobiia	Thermodesulfobiota	Bacteria	0.0066739690212975			0.0017035775127768		0.0106609808102345				0.0039999988424947	0.003937184388067	0.0201093946616221
Thermodesulfovibrionia	Nitrospirota	Bacteria	0.1320540556328032	0.2834831906883925	0.43526666116444873	0.0698466780368133	0.0795454545454543	0.1362490783048228	0.2500221447908281	0.3333333333333528	0.5686274509803921	0.2808404533579097	0.4921268668222234	0.1948865959496195
Thermoleophilia	Actinomycetota	Bacteria	0.4430700975147771	0.7732278060826895	0.91413920018285	0.9843625043085159	0.488636363636363	0.8126646149579015	0.6364079259452925	0.8421903942666776	1.8425703565515397	0.5612570198922447	0.9527603183630884	0.9546305620243105
Thermosediminibacteria	Bacillota	Bacteria		0.0609885278897526	0.0328477926291254	0.0153321976169972		0.0383798447175551	0.090920163304505	0.1583336620435633	0.09803921568627451	0.08021377979062391	0.0708661417322831	0.0188679245283018
Thermosulfidibacteria	Thermosulfidibacterota	Bacteria									0.0196078431372549	0.004		
Thermotogae	Thermotogota	Bacteria	0.0465277398433296	0.25115970229640877	0.250024485264721	0.0374238506243072	0.0687823112311221	0.0924950221658106	0.1136372214897967	0.107810263153801	0.5098039215686274	0.1086193421443497	0.2204733235151372	0.2502509796878688
Tritonobacteria	UBA1439	Bacteria	0.0066739690212975	0.043599303504071	0.0112823058527224	0.0017035775127768		0.023885349246462097			0.0784313725490196	0.0164128929679428	0.0236222237581456	0.0484112814540748
UBA10030	Bacteroidota_A	Bacteria	0.0329897584949817	0.0830801686753489	0.2066445840729757	0.0204429301642798	0.09090909090909069	0.0492218690705341		0.0333336620435535	0.11764705882352941	0.0722064476414778	0.09842537336444421	0.0955842571375369
UBA1018	Bdellovibrionota	Bacteria	0.013347938042595	0.0055279322555486	0.0080213903743315	0.015326781112016699	0.0113636363636363	0.0170575701032498			0.11764705882352941	0.008	0.031496416020228304	0.0496527515873951
UBA10199	UBA10199	Bacteria	0.0200219070638925	0.035918069882704295	0.008314949717805	0.0119250425894377		0.0374533991720657	0.0454600816522525	0.0750000000000049	0.1568627450980392	0.040210113074394704	0.0275595846602638	0.09806719740417749
UBA11346	Planctomycetota	Bacteria							0.0227272727272727	0.0083333333333333	0.0784313725490196		0.0039370078740157	0.0094339622641509
UBA1135	Planctomycetota	Bacteria	0.02669587608519	0.17672102159236208	0.0709865132949074	0.047700170348798504	0.0113636363636363	0.1366160191046284	0.2045675993362827	0.3250000000000195	0.3529411764705882	0.16904323341883412	0.2047251155050227	0.2030822524431577
UBA1144	Desulfobacterota_D	Bacteria	0.0200219070638925	0.0141184181306688	0.0133689839572191	0.0136286201022145	0.0113636363636363	0.0351056072780457	0.0681873543795252	0.0750000000000049	0.0392156862745098	0.024003665432917	0.0433076161563267	0.06976214624901719
UBA1177	UBP6	Bacteria	0.0066739690212975			0.0017035775127768		0.0063965884861407		0.0083333333333333		0.0039999999999988	0.0196852158841299	0.0389773191899239
UBA11872	Chloroflexota	Bacteria	0.0131578947368421	0.0245851670723697	0.008314949717805			0.0087443803801607			0.0392156862745098	0.0122064464839714	0.055118110236220104	0.0283018867924527
UBA12135	Spirochaetota	Bacteria						0.0042643923240938						
UBA1384	Patescibacteriota	Bacteria	0.0066739690212975	0.1171824849830364	0.0245328429113203	0.0681431005130789	0.1022727272727272	0.122525649921969	0.0681873543795252	0.0833333333333382	0.1568627450980392	0.0320036665904221	0.023622223758145502	0.029543356925773
UBA1551	Desantisbacteria	Bacteria										0.0080000000000001		
UBA2235	Chloroflexota	Bacteria									0.0392156862745098	0.004		0.0094339622641509
UBA2242	Marinisomatota	Bacteria		0.0274777114208765	0.0377267144236874	0.0068143100421549		0.1127687501522904			0.0784313725490196	0.0282027799637544	0.0944881889763777	0.0188679245283018
UBA2361	Bdellovibrionota_B	Bacteria	0.0329897584949817	0.0281530237605124	0.0374331550802138	0.008517887563884101		0.011651449495529799	0.0454600816522525	0.0750000000000049	0.058823529411764705	0.032003666842037704	0.0944883654904289	0.0484112814540748
UBA2394	Bdellovibrionota	Bacteria			0.0080213903743315			0.0063965884861407					0.0039370078740157	
UBA2428	Bdellovibrionota	Bacteria								0.0083333333333333	0.0196078431372549	0.004	0.0118110236220472	0.0094339622641509
UBA2968	Latescibacterota	Bacteria	0.0066739690212975	0.024638681586456	0.024357730466468098	0.008517887563884		0.0579362375969256	0.0227272727272727	0.0083336620435535	0.19607843137254902	0.0442027798379467	0.0944883654904286	0.0389773191899239
UBA3054	UBA3054	Bacteria		0.0083565459610027		0.0102214650766609		0.0127931769722814	0.0227272727272727				0.0039370078740157	
UBA3072	WOR-3	Bacteria									0.058823529411764705		0.0236220472440944	0.0188679245283018
UBA3073	WOR-3	Bacteria	0.0066739690212975	0.0141184181306688	0.0026737967914438	0.008517887563884101		0.011651449495529799	0.0454600816522525	0.0750000000000049		0.0200036665904223	0.0118112001360984	0.0201093946616221
UBA3561	Bacillota	Bacteria									0.0196078431372549			
UBA3569	Bacillota	Bacteria				0.0017035775127768			0.0227272727272727		0.0196078431372549			
UBA3575	Bacillota	Bacteria			0.0058162653712135	0.0017035775147826					0.0392156862745098			0.0094339622641509
UBA4055	UBA4055	Bacteria		0.0028390298344205	0.0160427807486631						0.0392156862745098	0.0040000001258077	0.0354330708661417	
UBA4092	UBP4	Bacteria												0.0094339622641509
UBA4151	Myxococcota	Bacteria	0.0066739690212975			0.0017035775127768		0.0063965884861407				0.004	0.003937184388067	0.0201093946616221
UBA4733	Chloroflexota	Bacteria									0.0196078431372549			
UBA4738	Actinomycetota	Bacteria	0.0331798018007346	0.2106213882665349	0.0987674026802668	0.034016695603694504	0.0233277657765767	0.0436776400106303	0.1591028393397563	0.24114392519736438	0.21568627450980393	0.0802137809481301	0.1023627342665625	0.1251233656245589
UBA4802	Spirochaetota	Bacteria	0.0066739690212975	0.016903933451003	0.0026737967914438	0.0153321976149913		0.013783646061014	0.0454600816522525	0.0833336620435584	0.19607843137254902	0.0360036665904223	0.023622223758145502	0.0201093946616221
UBA4820	Acidobacteriota	Bacteria	0.0066739690212975	0.005678059668841	0.0320855614973262	0.0017035775127768		0.0063965884861407				0.0080000002516154	0.0866143497423976	0.029543356925773
UBA4882	Bacillota	Bacteria		0.1521748397780729	0.0770834690052426	0.0152773429631495	0.0233277657765767	0.0094981644773631	0.0454554033079786	0.0828102631538011	0.11764705882352941		0.0039370078740157	0.0364901304845323
UBA5177	Chloroflexota	Bacteria											0.0118110236220472	0.0094339622641509
UBA5214	Elusimicrobiota	Bacteria											0.0118110236220472	0.0094339622641509
UBA5359	UBP13	Bacteria	0.0131578947368421	0.0501392757660167	0.1042780748663101	0.0085178875728364	0.034090909090909	0.0170575693055834			0.0196078431372549	0.012		0.0094339622641509
UBA5829	Armatimonadota	Bacteria									0.0196078431372549	0.0080000000000001		
UBA6077	Chloroflexota	Bacteria									0.0196078431372549		0.0078740157480314	
UBA6098	UBP14	Bacteria				0.0017035775127768		0.0385308760030931				0.0119963332281676	0.011811023622047102	0.0188679245283018
UBA6099	UBP15	Bacteria		0.0217996517520355	0.0056411529263612			0.0087443803801607			0.0392156862745098	0.0122064464839714	0.0039370078740157	0.0094339622641509
UBA6266	UBA6266	Bacteria											0.0039370078740157	
UBA6624	UBP7	Bacteria											0.0118110236220472	0.0094339622641509
UBA6911	Acidobacteriota	Bacteria	0.0197368421052631	0.0524403202757123	0.0216839336750242	0.0051107325383304	0.0113636363636363	0.06434823476853781	0.0454545454545454		0.058823529411764705	0.0242064464839715	0.0196850393700786	0.0283018867924527
UBA727	Myxococcota	Bacteria		0.0141184181306688	0.0026737967914438	0.0068143100511073		0.0052548610093891	0.0681873543795252	0.0750000000000049	0.0196078431372549	0.0280036677479286	0.0236220472440943	0.0283050511551603
UBA7883	Nitrospinota	Bacteria	0.019831863758139598	0.0245851670723697	0.0056411529263612	0.0017035775127768		0.0151409688663014			0.0784313725490196	0.0082064464839714	0.007874192262082701	0.029543356925773
UBA796	Myxococcota	Bacteria	0.019831863758139598	0.18887525102858568	0.1181277644535519	0.0459417381881914	0.0233277657765767	0.0684284022833312	0.1591028393397563	0.24114392519736438	0.2549019607843137	0.092003668975639	0.1653545072227118	0.1320775519847768
UBA8108	Planctomycetota	Bacteria	0.0066739690212975	0.005678059668841	0.0401069518716577	0.0051107325383304		0.0170575692963752	0.0454545454545454	0.0166666666666931	0.0784313725490196	0.0120000002516142	0.0984253733644447	0.0484112814540748
UBA8248	UBA8248	Bacteria	0.0066739690212975			0.0017035775127768		0.0063965884861407			0.058823529411764705	0.004	0.0196852158841299	0.0201093946616221
UBA8468	Ratteibacteria	Bacteria	0.0066739690212975	0.0141184181306688	0.0169801243253146	0.0153321976190029		0.011651449495529799	0.0681873543795252	0.0750000000000049	0.1764705882352941	0.0560047292448848	0.027559055118128	0.0672855347077918
UBA8477	Marinisomatota	Bacteria		0.1521748397780729	0.0690620786309111	0.0152773429631495	0.0233277657765767	0.0031015759912224	0.0454554033079786	0.0828102631538011	0.058823529411764705		0.0236220472440944	0.0553580550128341
UBA8742	Planctomycetota	Bacteria		0.0217996517520355	0.008314949717805			0.0087443803801607			0.058823529411764705	0.0122064464839714	0.0039370078740157	0.0094339622641509
UBA890	Acidobacteriota	Bacteria			0.0026737967914438					0.0083333333333333				
UBA8919	Elusimicrobiota	Bacteria		0.0027855153203342	0.0058162653712135	0.0017035775147826		0.0042643923240938			0.0392156862745098	0.0079999988424947	0.0039370078740157	
UBA9042	Myxococcota	Bacteria	0.0131578947368421	0.0774606849201633	0.0523266013010316	0.0221465076701102	0.0113636363636363	0.0279984827790996	0.11364743603177771	0.1666666666666764	0.27450980392156865	0.0764202262745951	0.0787401574803145	0.0754716981132072
UBA9088	UBA9089	Bacteria									0.0196078431372549			
UBA9160	Myxococcota_A	Bacteria	0.0066739690212975	0.0553312243761385	0.23385122377574	0.0289608177212174	0.0909090909090908	0.2202481770639163	0.0227272727272727	0.0250003287102201	0.2549019607843137	0.1042027788062492	0.1496064757266489	0.0578452437182257
UBA9217	Nitrospirota	Bacteria		0.024638681586456	0.0216839336750243			0.0087443803801607			0.0784313725490196	0.012206446609779101	0.043307086614173096	0.0094339622641509
UBA994	Bacillota	Bacteria			0.0080213903743315	0.0017035775127768	0.0113636363636363				0.058823529411764705	0.0080000011575063		0.0188710888910094
UBA9942	Nitrospinota	Bacteria										0.0039999999999988		
UBA995	Bacillota	Bacteria		0.0217996517520355	0.0056411529263612			0.0087443803801607			0.0392156862745098	0.0082064464839714	0.0157480314960629	0.0188679245283018
Uabimicrobiia	Planctomycetota	Bacteria		0.0028390298344205	0.0160427807486631							0.0040000001258077	0.039370078740157397	
Vampirovibrionia	Cyanobacteriota	Bacteria	0.2252995786252153	0.8049928637916298	0.7446082504753088	0.1600814315811237	0.1483277657765763	0.4879668347386438	0.5454941566919277	0.7411435964977984	2.156862745098039	0.5147068712894207	0.8818924114903282	0.8028939634324365
Verrucomicrobiia	Verrucomicrobiota	Bacteria	0.929092991980437	4.259899436536174	3.436743251894437	3.1281009100507764	1.3684403080307934	2.8818411791028073	2.659263857849585	3.3801965558073594	8.25320126573305	2.112556476757405	3.1535516032470086	2.7880669497578636
Vicinamibacteria	Acidobacteriota	Bacteria	0.059685634580171704	0.45169260352774926	0.3165878795490404	0.0918834763922816	0.08074644064406239	0.2609184090434459	0.272740060829553	0.4156205263076168	0.5098039215686274	0.176420228534004	0.1732292290269482	0.2773071479082503
Vulcanimicrobiia	Vulcanimicrobiota	Bacteria	0.039663727516279196	0.0726677543717744	0.1453223703146192	0.0289608177301697	0.034090909090909	0.0821652679385346	0.0909146271067979	0.1000000000000048	0.3333333333333333	0.0800010614413513	0.1023623812384781	0.1062596895350081
WGA-4E	Poribacteria	Bacteria	0.013347938042595		0.0026737967914438	0.0153321976060389		0.0226828167563782	0.0227272727272727		0.1764705882352941	0.0119999999999976	0.0472444475162913	0.0685206761156969
WOR-1	Margulisbacteria	Bacteria	0.0263157894736842	0.0698822390514402	0.1336898395721923	0.015332197623943701	0.034090909090909	0.0287090188011132	0.0454600816522525	0.0750000000000049	0.0980392156862745	0.040003666716228806	0.047244094488188795	
WOR-3	WOR-3	Bacteria	0.013347938042595	0.0084100604750889	0.035228030077095795	0.008517887565889799		0.0149253735377656		0.0083333333333333	0.1568627450980392	0.0240000012833141	0.0708664947603857	0.0685238404784045
WTBG01	Desulfobacterota	Bacteria		0.0028390298344205	0.0160427807486631						0.0392156862745098	0.012000001283314	0.0354330708661417	0.0188710888910094
WVXT01	UBA6262	Bacteria		0.0028390298344205	0.0160427807486631							0.0040000001258077	0.0354330708661417	
WWE3	Patescibacteriota	Bacteria	0.0066739690212975	0.1104023979535357	0.040987629902078104	0.0153321976149914		0.043139451645401	0.090920163304505	0.1500000000000098	0.27450980392156865	0.0846266750735791	0.1062993891124759	0.1050213837643954
WYAZ01	Myxococcota	Bacteria	0.0131578947368421	0.0027855153203342									0.0039370078740157	
XYA12-FULL-58-9	Myxococcota	Bacteria				0.0034071550255536			0.0227272727272727		0.0392156862745098			
Xenobia	Vulcanimicrobiota	Bacteria		0.1521748397780729	0.0744096722137987	0.016980920475926302	0.0233277657765767	0.0416324519943155	0.0454554033079786	0.0828102631538011		0.0199952728887177	0.0157480314960628	0.0459240927486832
YA12-FULL-61-11	Bdellovibrionota_F	Bacteria		0.1521748397780729	0.0690620786309111	0.0152773429631495	0.0233277657765767	0.0031015759912224	0.0454554033079786	0.0828102631538011				0.0364901304845323
Zetaproteobacteria	Pseudomonadota	Bacteria	0.0066739690212975	0.0338078669020061	0.0053475935828876	0.0153321976149914		0.0169063105049189	0.090920163304505	0.1666666666666764	0.058823529411764705	0.044007333180844405	0.043307263128224104	0.0484112814540748
Zhuqueibacteria	Zhuqueibacterota	Bacteria		0.0141184181306688	0.0026737967914438	0.008517887563884101		0.0608587153977662	0.0681873543795252	0.0916666666666715	0.09803921568627451	0.028003666590422402	0.0393700787401572	0.0188679245283018
Zipacnadia	Armatimonadota	Bacteria	0.013347938042595	0.1550138696124934	0.0967373901220012	0.0220916530182683	0.0233277657765767	0.0158947529635038	0.0454554033079786	0.0828102631538011	0.11764705882352941	0.0040000001258077	0.0629924790123543	0.1050108066002292
			0.0	0.0	0.0	0.0	0.0	0.0	0.0	0.0	0.0	0.0	0.0	0.0
